description,category
Shoprite Manda Hill,Groceries
Pick n Pay Great East,Groceries
SPAR Woodlands,Groceries
Choppies Chelstone,Groceries
Melissa Supermarket,Groceries
Food Lovers Market,Groceries
Game Stores Lusaka,Groceries
Kabwata Butchery,Groceries
Fuel Puma Kabulonga,Transport
Engen Great East Road,Transport
Total Energies Cairo Road,Transport
Petroda Filling Station,Transport
Mount Meru Fuel,Transport
Yango Trip Lusaka,Transport
Intercity Bus Fare,Transport
Taxi Fare Town,Transport
ZESCO Prepaid Units,Utilities
ZESCO Electricity Token,Utilities
LWSC Water Bill,Utilities
Nkana Water Utility,Utilities
Prepaid Electricity Units,Utilities
Rent Payment Landlord,Housing
Monthly Rental Kabulonga,Housing
Body Corporate Levy,Housing
Mortgage Repayment,Housing
Link Pharmacy Kabulonga,Healthcare
Pharmacy Chemist Cairo Rd,Healthcare
Medical Clinic Consultation,Healthcare
Levy Mwanawasa Hospital,Healthcare
Dental Clinic Visit,Healthcare
Laboratory Test Fees,Healthcare
UNZA Tuition Fees,Education
School Fees Term Payment,Education
CBU Registration,Education
Textbook Stationery Shop,Education
Exam Fee Payment,Education
Airtel Airtime Recharge,Airtime & Data
MTN Data Bundle,Airtime & Data
Zamtel Talktime,Airtime & Data
Airtel Data Bundle Purchase,Airtime & Data
Bayport Loan Repayment,Loan & Debt
Izwe Loan Instalment,Loan & Debt
Microfinance Repayment,Loan & Debt
Credit Card Payment,Loan & Debt
Overdraft Charge,Loan & Debt
KFC Cairo Road,Dining Out
Hungry Lion Kabwata,Dining Out
Debonairs Pizza,Dining Out
Steers Manda Hill,Dining Out
Chicken Inn Levy,Dining Out
Cafe Mocha Coffee,Dining Out
Ocean Basket Restaurant,Dining Out
Netflix Subscription,Subscriptions
Showmax Monthly,Subscriptions
Spotify Premium,Subscriptions
DStv Multichoice,Subscriptions
GOtv Subscription,Subscriptions
YouTube Premium,Subscriptions
Amazon Prime Membership,Subscriptions
Betway Deposit,Entertainment
Premierbet Stake,Entertainment
Ster Kinekor Cinema,Entertainment
Movie Ticket Arcades,Entertainment
Lodge Weekend Getaway,Entertainment
Concert Ticket,Entertainment
Mr Price Clothing,Shopping
Jet Store Purchase,Shopping
Truworths Fashion,Shopping
PEP Stores,Shopping
Game Electronics Purchase,Shopping
Jumia Online Order,Shopping
Hardware Building Supplies,Shopping
Salon Hair Appointment,Personal Care
Barber Shop Haircut,Personal Care
Beauty Spa Treatment,Personal Care
Gym Membership Fitness,Personal Care
Cosmetics Purchase,Personal Care
Airtel Money Transfer,Transfers
MTN MoMo Transfer,Transfers
Zoona Money Transfer,Transfers
Western Union Remittance,Transfers
ATM Cash Withdrawal,Transfers
Sent to Mobile Wallet,Transfers
